<?xml version="1.0"?>
<!DOCTYPE hibernate-mapping PUBLIC "-//Hibernate/Hibernate Mapping DTD 3.0//EN"
"http://hibernate.sourceforge.net/hibernate-mapping-3.0.dtd">
<!-- Generated Jun 14, 2018 6:56:20 PM by Hibernate Tools 3.4.0.CR1 -->
<hibernate-mapping>
    <class name="Sample.Entity.categories" table="CATEGORIES">
        <id name="id" type="java.lang.Integer">
            <column name="ID" />
            <generator class="native" />
        </id>
        <property name="name" type="java.lang.String">
            <column name="NAME" />
        </property>
        <property name="link" type="java.lang.String">
            <column name="LINK" />
        </property>
        <set name="produces" table="PRODUCE">
            <key>
                <column name="IDCATEGORIES"  />
            </key>
            <one-to-many class="Sample.Entity.produce" />
        </set>
    </class>
</hibernate-mapping>
