<?xml version = "1.0" encoding = "utf-8"?>
<!DOCTYPE hibernate-mapping PUBLIC 
"-//Hibernate/Hibernate Mapping DTD//EN"
"http://www.hibernate.org/dtd/hibernate-mapping-3.0.dtd">

<hibernate-mapping>
	<class name="entities.Product" table="product">
		<meta attribute="class-description">
			This class contains the employee detail.
		</meta>
		<id name="id" type="int" column="idProduct">
			<generator class="native" />
		</id>
		<property name="name" column="name" type="string" />

		<many-to-one name="category" class="entities.Category"
			fetch="select">
			<column name="idCategory" not-null="true" />
		</many-to-one>
	</class>
</hibernate-mapping>