<?xml version="1.0" encoding="UTF-8"?>
<!DOCTYPE hibernate-configuration PUBLIC
		"-//Hibernate/Hibernate Configuration DTD 3.0//EN"
		"http://hibernate.sourceforge.net/hibernate-configuration-3.0.dtd">
<hibernate-configuration>
	<session-factory name="foodStore">
		<property name="hibernate.connection.driver_class">com.microsoft.sqlserver.jdbc.SQLServerDriver</property>
		<property name="hibernate.connection.url">jdbc:sqlserver://localhost:1433;databaseName=foodStore</property>
		<property name="hibernate.connection.username">sa</property>
		<property name="hibernate.connection.password">123</property>
		<property name="hibernate.default_catalog">foodStore</property>
		<property name="hibernate.default_schema">dbo</property>
		<property name="hibernate.dialect">org.hibernate.dialect.SQLServerDialect</property>
		<property name="hibernate.current_session_context_class">thread</property>
		<property name="hibernate.show_sql">true</property>
		<mapping resource="Sample/Entity/Invoice.hbm.xml" />
		<mapping resource="Sample/Entity/Categories.hbm.xml" />
		<mapping resource="Sample/Entity/Customer.hbm.xml" />
		<mapping resource="Sample/Entity/Produce.hbm.xml" />
		<mapping resource="Sample/Entity/DetailInvoice.hbm.xml" />
	</session-factory>
</hibernate-configuration>
